time,s70,RNAP,s70_RNAP,Pg,Pg_s70_RNAP,s32,RNAP_s32,Ph,Ph_RNAP_s32,DnaK,s32_DnaK,FtsH,s32_FtsH,Punfold,Punfold_DnaK,D,D_s70_RNAP,D_RNAP_s32,RNAP_D,s32_DnaK_FtsH,Pfold,mRNA_s32,mRNA_DnaK,mRNA_FtsH,mRNA_Protein
-6.000000e+01,6.533850e-10,2.781883e-10,1.817641e-10,8.597317e-06,1.562683e-06,5.653328e-11,1.572690e-11,7.502017e-08,1.179834e-09,1.011685e-06,5.719387e-10,9.867260e-07,5.578285e-09,2.485938e-05,2.514986e-05,1.180000e-02,2.144816e-07,1.855774e-08,3.282622e-06,5.643468e-08,5.029992e-03,1.562683e-08,3.932781e-08,1.573113e-09,7.620000e-06
-5.950000e+01,6.535418e-10,2.781215e-10,1.817640e-10,8.597317e-06,1.562683e-06,5.881447e-11,1.635537e-11,7.497378e-08,1.226224e-09,1.047940e-06,6.160230e-10,9.840583e-07,5.787657e-09,2.436192e-05,2.515255e-05,1.180000e-02,2.144815e-07,1.929934e-08,3.281834e-06,6.061994e-08,5.030487e-03,1.745713e-08,4.779060e-08,1.911624e-09,7.620000e-06
-5.900000e+01,6.535718e-10,2.781087e-10,1.817640e-10,8.597317e-06,1.562683e-06,5.923996e-11,1.647557e-11,7.496491e-08,1.235090e-09,1.150691e-06,6.813212e-10,9.825074e-07,5.820341e-09,2.219614e-05,2.516346e-05,1.180000e-02,2.144815e-07,1.944117e-08,3.281683e-06,6.693997e-08,5.032642e-03,1.888257e-08,5.489289e-08,2.195716e-09,7.620000e-06
-5.850000e+01,6.533654e-10,2.781966e-10,1.817640e-10,8.597317e-06,1.562683e-06,5.624263e-11,1.564880e-11,7.502594e-08,1.174066e-09,1.310961e-06,7.369437e-10,9.843656e-07,5.536304e-09,1.949302e-05,2.517693e-05,1.180000e-02,2.144816e-07,1.846558e-08,3.282720e-06,7.254183e-08,5.035331e-03,1.999270e-08,6.001448e-08,2.400580e-09,7.620000e-06
-5.800000e+01,6.530445e-10,2.783334e-10,1.817641e-10,8.597317e-06,1.562683e-06,5.159140e-11,1.436247e-11,7.512108e-08,1.078924e-09,1.509990e-06,7.786295e-10,9.889858e-07,5.102292e-09,1.693222e-05,2.518963e-05,1.180000e-02,2.144816e-07,1.694771e-08,3.284334e-06,7.700495e-08,5.037879e-03,2.085727e-08,6.286415e-08,2.514566e-09,7.620000e-06
-5.750000e+01,6.527154e-10,2.784738e-10,1.817641e-10,8.597316e-06,1.562684e-06,4.682548e-11,1.304233e-11,7.521897e-08,9.810306e-10,1.726984e-06,8.082571e-10,9.952312e-07,4.660195e-09,1.481087e-05,2.520012e-05,1.180000e-02,2.144817e-07,1.538995e-08,3.285990e-06,8.043985e-08,5.039990e-03,2.153060e-08,6.371018e-08,2.548407e-09,7.620000e-06
-5.700000e+01,6.524275e-10,2.785967e-10,1.817642e-10,8.597316e-06,1.562684e-06,4.265740e-11,1.188640e-11,7.530490e-08,8.951043e-10,1.944260e-06,8.289485e-10,1.002111e-06,4.274722e-09,1.315997e-05,2.520828e-05,1.180000e-02,2.144817e-07,1.402595e-08,3.287441e-06,8.306938e-08,5.041633e-03,2.205499e-08,6.307535e-08,2.523014e-09,7.620000e-06
-5.650000e+01,6.521928e-10,2.786970e-10,1.817642e-10,8.597316e-06,1.562684e-06,3.926035e-11,1.094344e-11,7.537514e-08,8.248632e-10,2.149278e-06,8.433824e-10,1.008932e-06,3.961084e-09,1.190757e-05,2.521446e-05,1.180000e-02,2.144817e-07,1.291326e-08,3.288625e-06,8.509113e-08,5.042879e-03,2.246338e-08,6.148581e-08,2.459432e-09,7.620000e-06
-5.600000e+01,6.520076e-10,2.787762e-10,1.817642e-10,8.597316e-06,1.562684e-06,3.658062e-11,1.019907e-11,7.543068e-08,7.693227e-10,2.334402e-06,8.535002e-10,1.015271e-06,3.713908e-09,1.096529e-05,2.521912e-05,1.180000e-02,2.144817e-07,1.203490e-08,3.289559e-06,8.665300e-08,5.043817e-03,2.278144e-08,5.936614e-08,2.374646e-09,7.620000e-06
-5.550000e+01,6.518639e-10,2.788377e-10,1.817642e-10,8.597316e-06,1.562684e-06,3.450111e-11,9.621117e-12,7.547386e-08,7.261429e-10,2.495830e-06,8.606458e-10,1.020899e-06,3.522198e-09,1.025750e-05,2.522262e-05,1.180000e-02,2.144818e-07,1.135292e-08,3.290284e-06,8.786280e-08,5.044521e-03,2.302915e-08,5.702266e-08,2.280907e-09,7.620000e-06
-5.500000e+01,6.517536e-10,2.788849e-10,1.817642e-10,8.597316e-06,1.562684e-06,3.290460e-11,9.177221e-12,7.550706e-08,6.929450e-10,2.632443e-06,8.657462e-10,1.025716e-06,3.375060e-09,9.726179e-06,2.522524e-05,1.180000e-02,2.144818e-07,1.082912e-08,3.290842e-06,8.880050e-08,5.045050e-03,2.322206e-08,5.466093e-08,2.186437e-09,7.620000e-06
-5.450000e+01,6.516697e-10,2.789208e-10,1.817642e-10,8.597315e-06,1.562685e-06,3.169166e-11,8.839864e-12,7.553231e-08,6.676954e-10,2.744872e-06,8.694441e-10,1.029706e-06,3.263294e-09,9.328526e-06,2.522720e-05,1.180000e-02,2.144818e-07,1.043104e-08,3.291265e-06,8.952675e-08,5.045445e-03,2.337230e-08,5.241048e-08,2.096419e-09,7.620000e-06
-5.400000e+01,6.516069e-10,2.789477e-10,1.817642e-10,8.597315e-06,1.562685e-06,3.078302e-11,8.587072e-12,7.555124e-08,6.487639e-10,2.834806e-06,8.721847e-10,1.032907e-06,3.179583e-09,9.033101e-06,2.522866e-05,1.180000e-02,2.144818e-07,1.013274e-08,3.291583e-06,9.008810e-08,5.045739e-03,2.348931e-08,5.034682e-08,2.013873e-09,7.620000e-06
-5.350000e+01,6.515608e-10,2.789674e-10,1.817643e-10,8.597315e-06,1.562685e-06,3.011635e-11,8.401557e-12,7.556514e-08,6.348648e-10,2.904509e-06,8.742758e-10,1.035384e-06,3.118182e-09,8.816698e-06,2.522973e-05,1.180000e-02,2.144818e-07,9.913836e-09,3.291816e-06,9.052066e-08,5.045955e-03,2.358044e-08,4.850842e-08,1.940337e-09,7.620000e-06
-5.300000e+01,6.515281e-10,2.789815e-10,1.817643e-10,8.597315e-06,1.562685e-06,2.964273e-11,8.269734e-12,7.557502e-08,6.249853e-10,2.956497e-06,8.759288e-10,1.037219e-06,3.074585e-09,8.661924e-06,2.523049e-05,1.180000e-02,2.144818e-07,9.758285e-09,3.291981e-06,9.085254e-08,5.046109e-03,2.365141e-08,4.690932e-08,1.876373e-09,7.620000e-06
-5.250000e+01,6.515060e-10,2.789909e-10,1.817643e-10,8.597315e-06,1.562685e-06,2.932340e-11,8.180833e-12,7.558168e-08,6.183211e-10,2.993329e-06,8.772871e-10,1.038500e-06,3.045219e-09,8.555518e-06,2.523102e-05,1.180000e-02,2.144818e-07,9.653382e-09,3.292093e-06,9.110578e-08,5.046214e-03,2.370668e-08,4.554770e-08,1.821908e-09,7.620000e-06
-5.200000e+01,6.514924e-10,2.789967e-10,1.817643e-10,8.597315e-06,1.562685e-06,2.912724e-11,8.126200e-12,7.558578e-08,6.142252e-10,3.017471e-06,8.784466e-10,1.039313e-06,3.027216e-09,8.487175e-06,2.523135e-05,1.180000e-02,2.144818e-07,9.588916e-09,3.292161e-06,9.129761e-08,5.046282e-03,2.374972e-08,4.441192e-08,1.776477e-09,7.620000e-06
-5.150000e+01,6.514856e-10,2.789997e-10,1.817643e-10,8.597315e-06,1.562685e-06,2.902888e-11,8.098783e-12,7.558783e-08,6.121695e-10,3.031222e-06,8.794695e-10,1.039741e-06,3.018237e-09,8.448722e-06,2.523154e-05,1.180000e-02,2.144818e-07,9.556564e-09,3.292196e-06,9.144160e-08,5.046321e-03,2.378325e-08,4.348462e-08,1.739385e-09,7.620000e-06
-5.100000e+01,6.514841e-10,2.790003e-10,1.817643e-10,8.597315e-06,1.562685e-06,2.900736e-11,8.092749e-12,7.558829e-08,6.117170e-10,3.036665e-06,8.803955e-10,1.039861e-06,3.016347e-09,8.433612e-06,2.523161e-05,1.180000e-02,2.144818e-07,9.549443e-09,3.292203e-06,9.154844e-08,5.046336e-03,2.380936e-08,4.274549e-08,1.709820e-09,7.620000e-06
-5.050000e+01,6.514867e-10,2.789992e-10,1.817643e-10,8.597315e-06,1.562685e-06,2.904512e-11,8.103217e-12,7.558750e-08,6.125019e-10,3.035653e-06,8.812484e-10,1.039741e-06,3.019927e-09,8.436439e-06,2.523160e-05,1.180000e-02,2.144818e-07,9.561795e-09,3.292190e-06,9.162658e-08,5.046333e-03,2.382969e-08,4.217300e-08,1.686920e-09,7.620000e-06
-5.000000e+01,6.514924e-10,2.789968e-10,1.817643e-10,8.597315e-06,1.562685e-06,2.912740e-11,8.126074e-12,7.558579e-08,6.142157e-10,3.029801e-06,8.820414e-10,1.039443e-06,3.027611e-09,8.452718e-06,2.523151e-05,1.180000e-02,2.144818e-07,9.588767e-09,3.292162e-06,9.168268e-08,5.046317e-03,2.384553e-08,4.174560e-08,1.669824e-09,7.620000e-06
-4.950000e+01,6.515003e-10,2.789934e-10,1.817643e-10,8.597315e-06,1.562685e-06,2.924166e-11,8.157834e-12,7.558341e-08,6.165968e-10,3.020495e-06,8.827813e-10,1.039017e-06,3.038242e-09,8.478694e-06,2.523138e-05,1.180000e-02,2.144818e-07,9.626243e-09,3.292122e-06,9.172200e-08,5.046291e-03,2.385786e-08,4.144247e-08,1.657699e-09,7.620000e-06
-4.900000e+01,6.515096e-10,2.789894e-10,1.817643e-10,8.597315e-06,1.562685e-06,2.937726e-11,8.195533e-12,7.558058e-08,6.194231e-10,3.008901e-06,8.834708e-10,1.038508e-06,3.050837e-09,8.511307e-06,2.523122e-05,1.180000e-02,2.144818e-07,9.670728e-09,3.292074e-06,9.174872e-08,5.046258e-03,2.386747e-08,4.124395e-08,1.649758e-09,7.620000e-06
-4.850000e+01,6.515199e-10,2.789850e-10,1.817643e-10,8.597315e-06,1.562685e-06,2.952525e-11,8.236686e-12,7.557750e-08,6.225080e-10,2.995984e-06,8.841102e-10,1.037954e-06,3.064570e-09,8.547941e-06,2.523104e-05,1.180000e-02,2.144818e-07,9.719288e-09,3.292023e-06,9.176611e-08,5.046222e-03,2.387495e-08,4.113182e-08,1.645273e-09,7.620000e-06
-4.800000e+01,6.515304e-10,2.789805e-10,1.817643e-10,8.597315e-06,1.562685e-06,2.967822e-11,8.279223e-12,7.557431e-08,6.256966e-10,2.982526e-06,8.846988e-10,1.037384e-06,3.078754e-09,8.586450e-06,2.523085e-05,1.180000e-02,2.144818e-07,9.769483e-09,3.291969e-06,9.177674e-08,5.046184e-03,2.388078e-08,4.108948e-08,1.643579e-09,7.620000e-06
-4.750000e+01,6.515409e-10,2.789760e-10,1.817643e-10,8.597315e-06,1.562685e-06,2.983012e-11,8.321468e-12,7.557114e-08,6.288628e-10,2.969138e-06,8.852357e-10,1.036821e-06,3.092833e-09,8.625101e-06,2.523065e-05,1.180000e-02,2.144818e-07,9.819332e-09,3.291916e-06,9.178261e-08,5.046145e-03,2.388531e-08,4.110201e-08,1.644080e-09,7.620000e-06
-4.700000e+01,6.515510e-10,2.789716e-10,1.817643e-10,8.597315e-06,1.562685e-06,2.997615e-11,8.362081e-12,7.556810e-08,6.319065e-10,2.956290e-06,8.857202e-10,1.036283e-06,3.106363e-09,8.662521e-06,2.523047e-05,1.180000e-02,2.144818e-07,9.867255e-09,3.291865e-06,9.178526e-08,5.046108e-03,2.388885e-08,4.115615e-08,1.646246e-09,7.620000e-06
-4.650000e+01,6.515605e-10,2.789676e-10,1.817643e-10,8.597315e-06,1.562685e-06,3.011264e-11,8.400043e-12,7.556525e-08,6.347514e-10,2.944325e-06,8.861525e-10,1.035785e-06,3.119006e-09,8.697662e-06,2.523029e-05,1.180000e-02,2.144818e-07,9.912050e-09,3.291817e-06,9.178585e-08,5.046073e-03,2.389160e-08,4.124032e-08,1.649613e-09,7.620000e-06
-4.600000e+01,6.515690e-10,2.789639e-10,1.817643e-10,8.597315e-06,1.562685e-06,3.023703e-11,8.434639e-12,7.556266e-08,6.373437e-10,2.933472e-06,8.865331e-10,1.035333e-06,3.130524e-09,8.729786e-06,2.523013e-05,1.180000e-02,2.144818e-07,9.952873e-09,3.291774e-06,9.178526e-08,5.046041e-03,2.389375e-08,4.134462e-08,1.653785e-09,7.620000e-06
-4.550000e+01,6.515767e-10,2.789606e-10,1.817643e-10,8.597315e-06,1.562685e-06,3.034767e-11,8.465414e-12,7.556035e-08,6.396496e-10,2.923867e-06,8.868636e-10,1.034934e-06,3.140768e-09,8.758417e-06,2.522999e-05,1.180000e-02,2.144818e-07,9.989187e-09,3.291735e-06,9.178409e-08,5.046012e-03,2.389542e-08,4.146073e-08,1.658429e-09,7.620000e-06
-4.500000e+01,6.515833e-10,2.789578e-10,1.817643e-10,8.597315e-06,1.562685e-06,3.044372e-11,8.492131e-12,7.555835e-08,6.416514e-10,2.915570e-06,8.871461e-10,1.034590e-06,3.149661e-09,8.783298e-06,2.522987e-05,1.180000e-02,2.144818e-07,1.002071e-08,3.291702e-06,9.178278e-08,5.045988e-03,2.389672e-08,4.158180e-08,1.663272e-09,7.620000e-06
-4.450000e+01,6.515889e-10,2.789554e-10,1.817643e-10,8.597315e-06,1.562685e-06,3.052502e-11,8.514746e-12,7.555666e-08,6.433457e-10,2.908583e-06,8.873836e-10,1.034300e-06,3.157186e-09,8.804362e-06,2.522976e-05,1.180000e-02,2.144818e-07,1.004740e-08,3.291674e-06,9.178161e-08,5.045967e-03,2.389773e-08,4.170235e-08,1.668094e-09,7.620000e-06
-4.400000e+01,6.515936e-10,2.789534e-10,1.817642e-10,8.597315e-06,1.562685e-06,3.059196e-11,8.533368e-12,7.555526e-08,6.447408e-10,2.902858e-06,8.875793e-10,1.034062e-06,3.163383e-09,8.821695e-06,2.522968e-05,1.180000e-02,2.144818e-07,1.006937e-08,3.291650e-06,9.178075e-08,5.045949e-03,2.389852e-08,4.181815e-08,1.672726e-09,7.620000e-06
-4.350000e+01,6.515972e-10,2.789518e-10,1.817642e-10,8.597315e-06,1.562685e-06,3.064536e-11,8.548225e-12,7.555415e-08,6.458539e-10,2.898313e-06,8.877369e-10,1.033873e-06,3.168326e-09,8.835502e-06,2.522961e-05,1.180000e-02,2.144818e-07,1.008690e-08,3.291632e-06,9.178027e-08,5.045936e-03,2.389913e-08,4.192612e-08,1.677045e-09,7.620000e-06
-4.300000e+01,6.516001e-10,2.789506e-10,1.817642e-10,8.597315e-06,1.562685e-06,3.068635e-11,8.559630e-12,7.555330e-08,6.467083e-10,2.894844e-06,8.878605e-10,1.033729e-06,3.172120e-09,8.846071e-06,2.522956e-05,1.180000e-02,2.144818e-07,1.010036e-08,3.291617e-06,9.178022e-08,5.045925e-03,2.389961e-08,4.202414e-08,1.680965e-09,7.620000e-06
-4.250000e+01,6.516021e-10,2.789497e-10,1.817642e-10,8.597315e-06,1.562685e-06,3.071626e-11,8.567952e-12,7.555267e-08,6.473317e-10,2.892331e-06,8.879541e-10,1.033623e-06,3.174889e-09,8.853746e-06,2.522952e-05,1.180000e-02,2.144818e-07,1.011018e-08,3.291607e-06,9.178056e-08,5.045917e-03,2.389998e-08,4.211090e-08,1.684436e-09,7.620000e-06
-4.200000e+01,6.516035e-10,2.789491e-10,1.817642e-10,8.597315e-06,1.562685e-06,3.073651e-11,8.573589e-12,7.555225e-08,6.477539e-10,2.890645e-06,8.880217e-10,1.033552e-06,3.176764e-09,8.858901e-06,2.522949e-05,1.180000e-02,2.144818e-07,1.011683e-08,3.291600e-06,9.178124e-08,5.045912e-03,2.390027e-08,4.218583e-08,1.687433e-09,7.620000e-06
-4.150000e+01,6.516044e-10,2.789488e-10,1.817642e-10,8.597315e-06,1.562685e-06,3.074859e-11,8.576952e-12,7.555200e-08,6.480058e-10,2.889658e-06,8.880673e-10,1.033510e-06,3.177883e-09,8.861921e-06,2.522948e-05,1.180000e-02,2.144818e-07,1.012080e-08,3.291595e-06,9.178222e-08,5.045909e-03,2.390050e-08,4.224890e-08,1.689956e-09,7.620000e-06
-4.100000e+01,6.516048e-10,2.789486e-10,1.817642e-10,8.597315e-06,1.562685e-06,3.075393e-11,8.578441e-12,7.555189e-08,6.481174e-10,2.889245e-06,8.880946e-10,1.033492e-06,3.178378e-09,8.863186e-06,2.522947e-05,1.180000e-02,2.144818e-07,1.012256e-08,3.291594e-06,9.178341e-08,5.045908e-03,2.390067e-08,4.230054e-08,1.692022e-09,7.620000e-06
-4.050000e+01,6.516048e-10,2.789486e-10,1.817642e-10,8.597315e-06,1.562685e-06,3.075389e-11,8.578433e-12,7.555189e-08,6.481168e-10,2.889289e-06,8.881071e-10,1.033493e-06,3.178376e-09,8.863050e-06,2.522947e-05,1.180000e-02,2.144818e-07,1.012255e-08,3.291594e-06,9.178475e-08,5.045908e-03,2.390081e-08,4.234149e-08,1.693660e-09,7.620000e-06
-4.000000e+01,6.516045e-10,2.789487e-10,1.817642e-10,8.597315e-06,1.562685e-06,3.074971e-11,8.577273e-12,7.555197e-08,6.480299e-10,2.889684e-06,8.881080e-10,1.033508e-06,3.177990e-09,8.861838e-06,2.522948e-05,1.180000e-02,2.144818e-07,1.012118e-08,3.291595e-06,9.178618e-08,5.045909e-03,2.390092e-08,4.237271e-08,1.694908e-09,7.620000e-06
-3.950000e+01,6.516040e-10,2.789489e-10,1.817642e-10,8.597315e-06,1.562685e-06,3.074249e-11,8.575268e-12,7.555212e-08,6.478797e-10,2.890335e-06,8.881000e-10,1.033533e-06,3.177323e-09,8.859843e-06,2.522949e-05,1.180000e-02,2.144818e-07,1.011882e-08,3.291597e-06,9.178763e-08,5.045911e-03,2.390100e-08,4.239529e-08,1.695811e-09,7.620000e-06
-3.900000e+01,6.516034e-10,2.789492e-10,1.817642e-10,8.597315e-06,1.562685e-06,3.073322e-11,8.572692e-12,7.555232e-08,6.476867e-10,2.891161e-06,8.880855e-10,1.033566e-06,3.176467e-09,8.857320e-06,2.522950e-05,1.180000e-02,2.144818e-07,1.011578e-08,3.291601e-06,9.178907e-08,5.045914e-03,2.390106e-08,4.241039e-08,1.696416e-09,7.620000e-06
-3.850000e+01,6.516027e-10,2.789495e-10,1.817642e-10,8.597315e-06,1.562685e-06,3.072271e-11,8.569769e-12,7.555254e-08,6.474677e-10,2.892090e-06,8.880667e-10,1.033604e-06,3.175495e-09,8.854481e-06,2.522952e-05,1.180000e-02,2.144818e-07,1.011233e-08,3.291604e-06,9.179045e-08,5.045917e-03,2.390112e-08,4.241919e-08,1.696767e-09,7.620000e-06
-3.800000e+01,6.516019e-10,2.789498e-10,1.817642e-10,8.597315e-06,1.562685e-06,3.071161e-11,8.566685e-12,7.555277e-08,6.472367e-10,2.893066e-06,8.880454e-10,1.033643e-06,3.174469e-09,8.851502e-06,2.522953e-05,1.180000e-02,2.144818e-07,1.010869e-08,3.291608e-06,9.179175e-08,5.045920e-03,2.390115e-08,4.242281e-08,1.696912e-09,7.620000e-06
-3.750000e+01,6.516011e-10,2.789502e-10,1.817642e-10,8.597315e-06,1.562685e-06,3.070047e-11,8.563587e-12,7.555300e-08,6.470047e-10,2.894041e-06,8.880229e-10,1.033683e-06,3.173439e-09,8.848520e-06,2.522955e-05,1.180000e-02,2.144818e-07,1.010503e-08,3.291612e-06,9.179294e-08,5.045923e-03,2.390119e-08,4.242232e-08,1.696893e-09,7.620000e-06
-3.700000e+01,6.516004e-10,2.789505e-10,1.817642e-10,8.597315e-06,1.562685e-06,3.068973e-11,8.560599e-12,7.555322e-08,6.467809e-10,2.894982e-06,8.880004e-10,1.033721e-06,3.172446e-09,8.845652e-06,2.522956e-05,1.180000e-02,2.144818e-07,1.010151e-08,3.291616e-06,9.179400e-08,5.045925e-03,2.390121e-08,4.241868e-08,1.696747e-09,7.620000e-06
-3.650000e+01,6.515997e-10,2.789508e-10,1.817642e-10,8.597315e-06,1.562685e-06,3.067967e-11,8.557802e-12,7.555343e-08,6.465713e-10,2.895861e-06,8.879787e-10,1.033757e-06,3.171516e-09,8.842973e-06,2.522957e-05,1.180000e-02,2.144818e-07,1.009821e-08,3.291619e-06,9.179493e-08,5.045928e-03,2.390123e-08,4.241275e-08,1.696510e-09,7.620000e-06
-3.600000e+01,6.515991e-10,2.789511e-10,1.817642e-10,8.597315e-06,1.562685e-06,3.067050e-11,8.555252e-12,7.555362e-08,6.463803e-10,2.896661e-06,8.879585e-10,1.033789e-06,3.170668e-09,8.840536e-06,2.522958e-05,1.180000e-02,2.144818e-07,1.009520e-08,3.291622e-06,9.179574e-08,5.045930e-03,2.390124e-08,4.240528e-08,1.696211e-09,7.620000e-06
-3.550000e+01,6.515985e-10,2.789513e-10,1.817642e-10,8.597315e-06,1.562685e-06,3.066234e-11,8.552982e-12,7.555379e-08,6.462103e-10,2.897371e-06,8.879402e-10,1.033818e-06,3.169913e-09,8.838369e-06,2.522960e-05,1.180000e-02,2.144818e-07,1.009252e-08,3.291625e-06,9.179642e-08,5.045933e-03,2.390125e-08,4.239689e-08,1.695875e-09,7.620000e-06
-3.500000e+01,6.515980e-10,2.789515e-10,1.817642e-10,8.597315e-06,1.562685e-06,3.065527e-11,8.551015e-12,7.555394e-08,6.460628e-10,2.897987e-06,8.879240e-10,1.033843e-06,3.169258e-09,8.836493e-06,2.522960e-05,1.180000e-02,2.144818e-07,1.009020e-08,3.291628e-06,9.179698e-08,5.045934e-03,2.390126e-08,4.238810e-08,1.695524e-09,7.620000e-06
-3.450000e+01,6.515976e-10,2.789517e-10,1.817642e-10,8.597315e-06,1.562685e-06,3.064929e-11,8.549352e-12,7.555407e-08,6.459383e-10,2.898507e-06,8.879100e-10,1.033865e-06,3.168706e-09,8.834913e-06,2.522961e-05,1.180000e-02,2.144818e-07,1.008823e-08,3.291630e-06,9.179742e-08,5.045936e-03,2.390127e-08,4.237931e-08,1.695173e-09,7.620000e-06
-3.400000e+01,6.515973e-10,2.789518e-10,1.817642e-10,8.597315e-06,1.562685e-06,3.064436e-11,8.547980e-12,7.555417e-08,6.458355e-10,2.898936e-06,8.878983e-10,1.033882e-06,3.168249e-09,8.833610e-06,2.522962e-05,1.180000e-02,2.144818e-07,1.008662e-08,3.291631e-06,9.179776e-08,5.045937e-03,2.390127e-08,4.237086e-08,1.694834e-09,7.620000e-06
-3.350000e+01,6.515970e-10,2.789519e-10,1.817642e-10,8.597315e-06,1.562685e-06,3.064041e-11,8.546881e-12,7.555425e-08,6.457532e-10,2.899278e-06,8.878887e-10,1.033896e-06,3.167884e-09,8.832568e-06,2.522962e-05,1.180000e-02,2.144818e-07,1.008532e-08,3.291633e-06,9.179802e-08,5.045938e-03,2.390128e-08,4.236296e-08,1.694519e-09,7.620000e-06
-3.300000e+01,6.515968e-10,2.789520e-10,1.817642e-10,8.597315e-06,1.562685e-06,3.063736e-11,8.546033e-12,7.555431e-08,6.456896e-10,2.899541e-06,8.878812e-10,1.033907e-06,3.167602e-09,8.831765e-06,2.522963e-05,1.180000e-02,2.144818e-07,1.008432e-08,3.291634e-06,9.179820e-08,5.045939e-03,2.390128e-08,4.235578e-08,1.694231e-09,7.620000e-06
-3.250000e+01,6.515966e-10,2.789521e-10,1.817642e-10,8.597315e-06,1.562685e-06,3.063513e-11,8.545413e-12,7.555436e-08,6.456432e-10,2.899734e-06,8.878754e-10,1.033915e-06,3.167396e-09,8.831181e-06,2.522963e-05,1.180000e-02,2.144818e-07,1.008359e-08,3.291635e-06,9.179831e-08,5.045940e-03,2.390128e-08,4.234941e-08,1.693976e-09,7.620000e-06
-3.200000e+01,6.515965e-10,2.789521e-10,1.817642e-10,8.597315e-06,1.562685e-06,3.063359e-11,8.544985e-12,7.555439e-08,6.456111e-10,2.899866e-06,8.878713e-10,1.033920e-06,3.167254e-09,8.830781e-06,2.522963e-05,1.180000e-02,2.144818e-07,1.008308e-08,3.291635e-06,9.179837e-08,5.045940e-03,2.390129e-08,4.234390e-08,1.693756e-09,7.620000e-06
-3.150000e+01,6.515965e-10,2.789522e-10,1.817642e-10,8.597315e-06,1.562685e-06,3.063264e-11,8.544721e-12,7.555441e-08,6.455914e-10,2.899947e-06,8.878686e-10,1.033924e-06,3.167166e-09,8.830535e-06,2.522963e-05,1.180000e-02,2.144818e-07,1.008277e-08,3.291636e-06,9.179838e-08,5.045940e-03,2.390129e-08,4.233924e-08,1.693569e-09,7.620000e-06
-3.100000e+01,6.515964e-10,2.789522e-10,1.817642e-10,8.597315e-06,1.562685e-06,3.063218e-11,8.544593e-12,7.555442e-08,6.455818e-10,2.899985e-06,8.878670e-10,1.033925e-06,3.167124e-09,8.830417e-06,2.522963e-05,1.180000e-02,2.144818e-07,1.008262e-08,3.291636e-06,9.179837e-08,5.045940e-03,2.390129e-08,4.233541e-08,1.693416e-09,7.620000e-06
-3.050000e+01,6.515964e-10,2.789522e-10,1.817642e-10,8.597315e-06,1.562685e-06,3.063213e-11,8.544578e-12,7.555442e-08,6.455806e-10,2.899988e-06,8.878664e-10,1.033926e-06,3.167119e-09,8.830408e-06,2.522963e-05,1.180000e-02,2.144818e-07,1.008260e-08,3.291636e-06,9.179832e-08,5.045940e-03,2.390129e-08,4.233235e-08,1.693294e-09,7.620000e-06
-3.000000e+01,6.515964e-10,2.789522e-10,1.817642e-10,8.597315e-06,1.562685e-06,3.063238e-11,8.544647e-12,7.555442e-08,6.455858e-10,2.899965e-06,8.878665e-10,1.033925e-06,3.167142e-09,8.830480e-06,2.522963e-05,1.180000e-02,2.144818e-07,1.008268e-08,3.291636e-06,9.179826e-08,5.045940e-03,2.390129e-08,4.233000e-08,1.693200e-09,7.620000e-06
-2.950000e+01,6.515965e-10,2.789522e-10,1.817642e-10,8.597315e-06,1.562685e-06,3.063285e-11,8.544777e-12,7.555441e-08,6.455955e-10,2.899923e-06,8.878673e-10,1.033923e-06,3.167185e-09,8.830606e-06,2.522963e-05,1.180000e-02,2.144818e-07,1.008284e-08,3.291635e-06,9.179819e-08,5.045940e-03,2.390129e-08,4.232828e-08,1.693131e-09,7.620000e-06
-2.900000e+01,6.515965e-10,2.789522e-10,1.817642e-10,8.597315e-06,1.562685e-06,3.063347e-11,8.544950e-12,7.555440e-08,6.456085e-10,2.899868e-06,8.878684e-10,1.033921e-06,3.167243e-09,8.830773e-06,2.522963e-05,1.180000e-02,2.144818e-07,1.008304e-08,3.291635e-06,9.179811e-08,5.045940e-03,2.390129e-08,4.232711e-08,1.693084e-09,7.620000e-06
-2.850000e+01,6.515966e-10,2.789521e-10,1.817642e-10,8.597315e-06,1.562685e-06,3.063420e-11,8.545152e-12,7.555438e-08,6.456236e-10,2.899804e-06,8.878699e-10,1.033918e-06,3.167310e-09,8.830967e-06,2.522963e-05,1.180000e-02,2.144818e-07,1.008328e-08,3.291635e-06,9.179803e-08,5.045940e-03,2.390129e-08,4.232640e-08,1.693056e-09,7.620000e-06
-2.800000e+01,6.515966e-10,2.789521e-10,1.817642e-10,8.597315e-06,1.562685e-06,3.063498e-11,8.545369e-12,7.555436e-08,6.456399e-10,2.899736e-06,8.878714e-10,1.033916e-06,3.167382e-09,8.831178e-06,2.522963e-05,1.180000e-02,2.144818e-07,1.008354e-08,3.291635e-06,9.179795e-08,5.045940e-03,2.390129e-08,4.232607e-08,1.693043e-09,7.620000e-06
-2.750000e+01,6.515967e-10,2.789521e-10,1.817642e-10,8.597315e-06,1.562685e-06,3.063576e-11,8.545586e-12,7.555435e-08,6.456562e-10,2.899667e-06,8.878731e-10,1.033913e-06,3.167454e-09,8.831386e-06,2.522963e-05,1.180000e-02,2.144818e-07,1.008379e-08,3.291634e-06,9.179788e-08,5.045939e-03,2.390129e-08,4.232604e-08,1.693042e-09,7.620000e-06
-2.700000e+01,6.515967e-10,2.789521e-10,1.817642e-10,8.597315e-06,1.562685e-06,3.063652e-11,8.545797e-12,7.555433e-08,6.456720e-10,2.899600e-06,8.878748e-10,1.033910e-06,3.167525e-09,8.831588e-06,2.522963e-05,1.180000e-02,2.144818e-07,1.008404e-08,3.291634e-06,9.179781e-08,5.045939e-03,2.390129e-08,4.232625e-08,1.693050e-09,7.620000e-06
-2.650000e+01,6.515968e-10,2.789520e-10,1.817642e-10,8.597315e-06,1.562685e-06,3.063724e-11,8.545997e-12,7.555432e-08,6.456869e-10,2.899538e-06,8.878764e-10,1.033908e-06,3.167591e-09,8.831778e-06,2.522963e-05,1.180000e-02,2.144818e-07,1.008428e-08,3.291634e-06,9.179775e-08,5.045939e-03,2.390129e-08,4.232664e-08,1.693066e-09,7.620000e-06
-2.600000e+01,6.515968e-10,2.789520e-10,1.817642e-10,8.597315e-06,1.562685e-06,3.063790e-11,8.546181e-12,7.555430e-08,6.457007e-10,2.899480e-06,8.878779e-10,1.033905e-06,3.167652e-09,8.831954e-06,2.522963e-05,1.180000e-02,2.144818e-07,1.008449e-08,3.291634e-06,9.179769e-08,5.045939e-03,2.390129e-08,4.232714e-08,1.693086e-09,7.620000e-06
-2.550000e+01,6.515968e-10,2.789520e-10,1.817642e-10,8.597315e-06,1.562685e-06,3.063848e-11,8.546344e-12,7.555429e-08,6.457129e-10,2.899429e-06,8.878792e-10,1.033903e-06,3.167706e-09,8.832110e-06,2.522963e-05,1.180000e-02,2.144818e-07,1.008469e-08,3.291634e-06,9.179765e-08,5.045939e-03,2.390129e-08,4.232772e-08,1.693109e-09,7.620000e-06
-2.500000e+01,6.515969e-10,2.789520e-10,1.817642e-10,8.597315e-06,1.562685e-06,3.063899e-11,8.546486e-12,7.555428e-08,6.457236e-10,2.899384e-06,8.878804e-10,1.033901e-06,3.167754e-09,8.832244e-06,2.522962e-05,1.180000e-02,2.144818e-07,1.008485e-08,3.291633e-06,9.179761e-08,5.045939e-03,2.390129e-08,4.232833e-08,1.693133e-09,7.620000e-06
-2.450000e+01,6.515969e-10,2.789520e-10,1.817642e-10,8.597315e-06,1.562685e-06,3.063943e-11,8.546608e-12,7.555427e-08,6.457327e-10,2.899346e-06,8.878814e-10,1.033900e-06,3.167794e-09,8.832360e-06,2.522962e-05,1.180000e-02,2.144818e-07,1.008500e-08,3.291633e-06,9.179758e-08,5.045938e-03,2.390129e-08,4.232895e-08,1.693158e-09,7.620000e-06
-2.400000e+01,6.515969e-10,2.789520e-10,1.817642e-10,8.597315e-06,1.562685e-06,3.063980e-11,8.546710e-12,7.555426e-08,6.457403e-10,2.899314e-06,8.878823e-10,1.033899e-06,3.167828e-09,8.832457e-06,2.522962e-05,1.180000e-02,2.144818e-07,1.008512e-08,3.291633e-06,9.179755e-08,5.045938e-03,2.390129e-08,4.232955e-08,1.693182e-09,7.620000e-06
-2.350000e+01,6.515970e-10,2.789520e-10,1.817642e-10,8.597315e-06,1.562685e-06,3.064009e-11,8.546791e-12,7.555426e-08,6.457465e-10,2.899289e-06,8.878830e-10,1.033897e-06,3.167855e-09,8.832535e-06,2.522962e-05,1.180000e-02,2.144818e-07,1.008521e-08,3.291633e-06,9.179754e-08,5.045938e-03,2.390129e-08,4.233011e-08,1.693205e-09,7.620000e-06
-2.300000e+01,6.515970e-10,2.789520e-10,1.817642e-10,8.597315e-06,1.562685e-06,3.064032e-11,8.546854e-12,7.555425e-08,6.457511e-10,2.899269e-06,8.878836e-10,1.033897e-06,3.167876e-09,8.832593e-06,2.522962e-05,1.180000e-02,2.144818e-07,1.008529e-08,3.291633e-06,9.179753e-08,5.045938e-03,2.390129e-08,4.233063e-08,1.693225e-09,7.620000e-06
-2.250000e+01,6.515970e-10,2.789520e-10,1.817642e-10,8.597315e-06,1.562685e-06,3.064049e-11,8.546901e-12,7.555425e-08,6.457547e-10,2.899255e-06,8.878840e-10,1.033896e-06,3.167892e-09,8.832638e-06,2.522962e-05,1.180000e-02,2.144818e-07,1.008534e-08,3.291633e-06,9.179752e-08,5.045938e-03,2.390129e-08,4.233109e-08,1.693244e-09,7.620000e-06
-2.200000e+01,6.515970e-10,2.789519e-10,1.817642e-10,8.597315e-06,1.562685e-06,3.064061e-11,8.546935e-12,7.555425e-08,6.457572e-10,2.899244e-06,8.878843e-10,1.033896e-06,3.167903e-09,8.832669e-06,2.522962e-05,1.180000e-02,2.144818e-07,1.008538e-08,3.291633e-06,9.179751e-08,5.045938e-03,2.390129e-08,4.233149e-08,1.693260e-09,7.620000e-06
-2.150000e+01,6.515970e-10,2.789519e-10,1.817642e-10,8.597315e-06,1.562685e-06,3.064068e-11,8.546956e-12,7.555425e-08,6.457588e-10,2.899238e-06,8.878845e-10,1.033895e-06,3.167910e-09,8.832690e-06,2.522962e-05,1.180000e-02,2.144818e-07,1.008541e-08,3.291633e-06,9.179751e-08,5.045938e-03,2.390129e-08,4.233183e-08,1.693273e-09,7.620000e-06
-2.100000e+01,6.515970e-10,2.789519e-10,1.817642e-10,8.597315e-06,1.562685e-06,3.064072e-11,8.546966e-12,7.555424e-08,6.457595e-10,2.899235e-06,8.878846e-10,1.033895e-06,3.167914e-09,8.832699e-06,2.522962e-05,1.180000e-02,2.144818e-07,1.008542e-08,3.291633e-06,9.179751e-08,5.045938e-03,2.390129e-08,4.233212e-08,1.693285e-09,7.620000e-06
-2.050000e+01,6.515970e-10,2.789519e-10,1.817642e-10,8.597315e-06,1.562685e-06,3.064073e-11,8.546968e-12,7.555424e-08,6.457597e-10,2.899234e-06,8.878847e-10,1.033895e-06,3.167914e-09,8.832700e-06,2.522962e-05,1.180000e-02,2.144818e-07,1.008542e-08,3.291633e-06,9.179752e-08,5.045938e-03,2.390129e-08,4.233234e-08,1.693294e-09,7.620000e-06
-2.000000e+01,6.515970e-10,2.789519e-10,1.817642e-10,8.597315e-06,1.562685e-06,3.064072e-11,8.546966e-12,7.555424e-08,6.457595e-10,2.899235e-06,8.878847e-10,1.033895e-06,3.167914e-09,8.832697e-06,2.522962e-05,1.180000e-02,2.144818e-07,1.008542e-08,3.291633e-06,9.179752e-08,5.045938e-03,2.390129e-08,4.233252e-08,1.693301e-09,7.620000e-06
-1.950000e+01,6.515970e-10,2.789519e-10,1.817642e-10,8.597315e-06,1.562685e-06,3.064069e-11,8.546957e-12,7.555425e-08,6.457589e-10,2.899238e-06,8.878846e-10,1.033895e-06,3.167911e-09,8.832690e-06,2.522962e-05,1.180000e-02,2.144818e-07,1.008541e-08,3.291633e-06,9.179752e-08,5.045938e-03,2.390129e-08,4.233265e-08,1.693306e-09,7.620000e-06
-1.900000e+01,6.515970e-10,2.789519e-10,1.817642e-10,8.597315e-06,1.562685e-06,3.064064e-11,8.546945e-12,7.555425e-08,6.457580e-10,2.899242e-06,8.878845e-10,1.033896e-06,3.167907e-09,8.832679e-06,2.522962e-05,1.180000e-02,2.144818e-07,1.008539e-08,3.291633e-06,9.179753e-08,5.045938e-03,2.390129e-08,4.233274e-08,1.693310e-09,7.620000e-06
-1.850000e+01,6.515970e-10,2.789519e-10,1.817642e-10,8.597315e-06,1.562685e-06,3.064059e-11,8.546930e-12,7.555425e-08,6.457569e-10,2.899246e-06,8.878844e-10,1.033896e-06,3.167902e-09,8.832664e-06,2.522962e-05,1.180000e-02,2.144818e-07,1.008538e-08,3.291633e-06,9.179754e-08,5.045938e-03,2.390129e-08,4.233279e-08,1.693312e-09,7.620000e-06
-1.800000e+01,6.515970e-10,2.789519e-10,1.817642e-10,8.597315e-06,1.562685e-06,3.064054e-11,8.546916e-12,7.555425e-08,6.457558e-10,2.899251e-06,8.878843e-10,1.033896e-06,3.167897e-09,8.832650e-06,2.522962e-05,1.180000e-02,2.144818e-07,1.008536e-08,3.291633e-06,9.179754e-08,5.045938e-03,2.390129e-08,4.233282e-08,1.693313e-09,7.620000e-06
-1.750000e+01,6.515970e-10,2.789519e-10,1.817642e-10,8.597315e-06,1.562685e-06,3.064049e-11,8.546901e-12,7.555425e-08,6.457547e-10,2.899255e-06,8.878842e-10,1.033896e-06,3.167892e-09,8.832636e-06,2.522962e-05,1.180000e-02,2.144818e-07,1.008534e-08,3.291633e-06,9.179755e-08,5.045938e-03,2.390129e-08,4.233283e-08,1.693313e-09,7.620000e-06
-1.700000e+01,6.515970e-10,2.789520e-10,1.817642e-10,8.597315e-06,1.562685e-06,3.064043e-11,8.546886e-12,7.555425e-08,6.457535e-10,2.899260e-06,8.878840e-10,1.033896e-06,3.167887e-09,8.832622e-06,2.522962e-05,1.180000e-02,2.144818e-07,1.008532e-08,3.291633e-06,9.179755e-08,5.045938e-03,2.390129e-08,4.233282e-08,1.693313e-09,7.620000e-06
-1.650000e+01,6.515970e-10,2.789520e-10,1.817642e-10,8.597315e-06,1.562685e-06,3.064038e-11,8.546871e-12,7.555425e-08,6.457524e-10,2.899265e-06,8.878839e-10,1.033897e-06,3.167882e-09,8.832608e-06,2.522962e-05,1.180000e-02,2.144818e-07,1.008531e-08,3.291633e-06,9.179756e-08,5.045938e-03,2.390129e-08,4.233279e-08,1.693312e-09,7.620000e-06
-1.600000e+01,6.515970e-10,2.789520e-10,1.817642e-10,8.597315e-06,1.562685e-06,3.064033e-11,8.546857e-12,7.555425e-08,6.457514e-10,2.899269e-06,8.878838e-10,1.033897e-06,3.167878e-09,8.832595e-06,2.522962e-05,1.180000e-02,2.144818e-07,1.008529e-08,3.291633e-06,9.179756e-08,5.045938e-03,2.390129e-08,4.233276e-08,1.693310e-09,7.620000e-06
-1.550000e+01,6.515970e-10,2.789520e-10,1.817642e-10,8.597315e-06,1.562685e-06,3.064029e-11,8.546846e-12,7.555425e-08,6.457506e-10,2.899273e-06,8.878837e-10,1.033897e-06,3.167874e-09,8.832583e-06,2.522962e-05,1.180000e-02,2.144818e-07,1.008528e-08,3.291633e-06,9.179757e-08,5.045938e-03,2.390129e-08,4.233272e-08,1.693309e-09,7.620000e-06
-1.500000e+01,6.515970e-10,2.789520e-10,1.817642e-10,8.597315e-06,1.562685e-06,3.064025e-11,8.546836e-12,7.555425e-08,6.457498e-10,2.899276e-06,8.878836e-10,1.033897e-06,3.167871e-09,8.832574e-06,2.522962e-05,1.180000e-02,2.144818e-07,1.008527e-08,3.291633e-06,9.179757e-08,5.045938e-03,2.390129e-08,4.233268e-08,1.693307e-09,7.620000e-06
-1.450000e+01,6.515969e-10,2.789520e-10,1.817642e-10,8.597315e-06,1.562685e-06,3.064022e-11,8.546826e-12,7.555425e-08,6.457491e-10,2.899279e-06,8.878835e-10,1.033897e-06,3.167868e-09,8.832565e-06,2.522962e-05,1.180000e-02,2.144818e-07,1.008525e-08,3.291633e-06,9.179757e-08,5.045938e-03,2.390129e-08,4.233263e-08,1.693305e-09,7.620000e-06
-1.400000e+01,6.515969e-10,2.789520e-10,1.817642e-10,8.597315e-06,1.562685e-06,3.064019e-11,8.546819e-12,7.555426e-08,6.457485e-10,2.899281e-06,8.878835e-10,1.033897e-06,3.167865e-09,8.832557e-06,2.522962e-05,1.180000e-02,2.144818e-07,1.008525e-08,3.291633e-06,9.179757e-08,5.045938e-03,2.390129e-08,4.233259e-08,1.693304e-09,7.620000e-06
-1.350000e+01,6.515969e-10,2.789520e-10,1.817642e-10,8.597315e-06,1.562685e-06,3.064017e-11,8.546813e-12,7.555426e-08,6.457481e-10,2.899283e-06,8.878834e-10,1.033897e-06,3.167863e-09,8.832552e-06,2.522962e-05,1.180000e-02,2.144818e-07,1.008524e-08,3.291633e-06,9.179757e-08,5.045938e-03,2.390129e-08,4.233255e-08,1.693302e-09,7.620000e-06
-1.300000e+01,6.515969e-10,2.789520e-10,1.817642e-10,8.597315e-06,1.562685e-06,3.064015e-11,8.546808e-12,7.555426e-08,6.457477e-10,2.899285e-06,8.878833e-10,1.033897e-06,3.167861e-09,8.832547e-06,2.522962e-05,1.180000e-02,2.144818e-07,1.008523e-08,3.291633e-06,9.179757e-08,5.045938e-03,2.390129e-08,4.233251e-08,1.693300e-09,7.620000e-06
-1.250000e+01,6.515969e-10,2.789520e-10,1.817642e-10,8.597315e-06,1.562685e-06,3.064014e-11,8.546805e-12,7.555426e-08,6.457475e-10,2.899286e-06,8.878833e-10,1.033898e-06,3.167860e-09,8.832544e-06,2.522962e-05,1.180000e-02,2.144818e-07,1.008523e-08,3.291633e-06,9.179757e-08,5.045938e-03,2.390129e-08,4.233248e-08,1.693299e-09,7.620000e-06
-1.200000e+01,6.515969e-10,2.789520e-10,1.817642e-10,8.597315e-06,1.562685e-06,3.064013e-11,8.546802e-12,7.555426e-08,6.457473e-10,2.899286e-06,8.878833e-10,1.033898e-06,3.167860e-09,8.832542e-06,2.522962e-05,1.180000e-02,2.144818e-07,1.008523e-08,3.291633e-06,9.179757e-08,5.045938e-03,2.390129e-08,4.233245e-08,1.693298e-09,7.620000e-06
-1.150000e+01,6.515969e-10,2.789520e-10,1.817642e-10,8.597315e-06,1.562685e-06,3.064013e-11,8.546801e-12,7.555426e-08,6.457472e-10,2.899287e-06,8.878832e-10,1.033898e-06,3.167859e-09,8.832541e-06,2.522962e-05,1.180000e-02,2.144818e-07,1.008522e-08,3.291633e-06,9.179757e-08,5.045938e-03,2.390129e-08,4.233242e-08,1.693297e-09,7.620000e-06
-1.100000e+01,6.515969e-10,2.789520e-10,1.817642e-10,8.597315e-06,1.562685e-06,3.064012e-11,8.546801e-12,7.555426e-08,6.457472e-10,2.899287e-06,8.878832e-10,1.033898e-06,3.167859e-09,8.832541e-06,2.522962e-05,1.180000e-02,2.144818e-07,1.008522e-08,3.291633e-06,9.179757e-08,5.045938e-03,2.390129e-08,4.233240e-08,1.693296e-09,7.620000e-06
-1.050000e+01,6.515969e-10,2.789520e-10,1.817642e-10,8.597315e-06,1.562685e-06,3.064012e-11,8.546801e-12,7.555426e-08,6.457472e-10,2.899287e-06,8.878832e-10,1.033898e-06,3.167859e-09,8.832541e-06,2.522962e-05,1.180000e-02,2.144818e-07,1.008522e-08,3.291633e-06,9.179757e-08,5.045938e-03,2.390129e-08,4.233239e-08,1.693296e-09,7.620000e-06
-1.000000e+01,6.515969e-10,2.789520e-10,1.817642e-10,8.597315e-06,1.562685e-06,3.064013e-11,8.546801e-12,7.555426e-08,6.457472e-10,2.899286e-06,8.878832e-10,1.033898e-06,3.167859e-09,8.832542e-06,2.522962e-05,1.180000e-02,2.144818e-07,1.008522e-08,3.291633e-06,9.179757e-08,5.045938e-03,2.390129e-08,4.233238e-08,1.693295e-09,7.620000e-06
-9.500000e+00,6.515969e-10,2.789520e-10,1.817642e-10,8.597315e-06,1.562685e-06,3.064013e-11,8.546802e-12,7.555426e-08,6.457473e-10,2.899286e-06,8.878832e-10,1.033898e-06,3.167860e-09,8.832543e-06,2.522962e-05,1.180000e-02,2.144818e-07,1.008523e-08,3.291633e-06,9.179757e-08,5.045938e-03,2.390129e-08,4.233237e-08,1.693295e-09,7.620000e-06
-9.000000e+00,6.515970e-10,2.789520e-10,1.817642e-10,8.597315e-06,1.562685e-06,3.064013e-11,8.546803e-12,7.555426e-08,6.457474e-10,2.899286e-06,8.878832e-10,1.033898e-06,3.167860e-09,8.832544e-06,2.522962e-05,1.180000e-02,2.144818e-07,1.008523e-08,3.291633e-06,9.179757e-08,5.045938e-03,2.390129e-08,4.233236e-08,1.693295e-09,7.620000e-06
-8.500000e+00,6.515970e-10,2.789520e-10,1.817642e-10,8.597315e-06,1.562685e-06,3.064014e-11,8.546804e-12,7.555426e-08,6.457474e-10,2.899285e-06,8.878832e-10,1.033898e-06,3.167861e-09,8.832545e-06,2.522962e-05,1.180000e-02,2.144818e-07,1.008523e-08,3.291633e-06,9.179757e-08,5.045938e-03,2.390129e-08,4.233236e-08,1.693294e-09,7.620000e-06
-8.000000e+00,6.515970e-10,2.789520e-10,1.817642e-10,8.597315e-06,1.562685e-06,3.064014e-11,8.546805e-12,7.555426e-08,6.457475e-10,2.899285e-06,8.878832e-10,1.033898e-06,3.167861e-09,8.832546e-06,2.522962e-05,1.180000e-02,2.144818e-07,1.008523e-08,3.291633e-06,9.179757e-08,5.045938e-03,2.390129e-08,4.233236e-08,1.693294e-09,7.620000e-06
-7.500000e+00,6.515970e-10,2.789520e-10,1.817642e-10,8.597315e-06,1.562685e-06,3.064015e-11,8.546807e-12,7.555426e-08,6.457476e-10,2.899284e-06,8.878832e-10,1.033898e-06,3.167861e-09,8.832548e-06,2.522962e-05,1.180000e-02,2.144818e-07,1.008523e-08,3.291633e-06,9.179757e-08,5.045938e-03,2.390129e-08,4.233236e-08,1.693294e-09,7.620000e-06
-7.000000e+00,6.515970e-10,2.789520e-10,1.817642e-10,8.597315e-06,1.562685e-06,3.064015e-11,8.546808e-12,7.555426e-08,6.457477e-10,2.899284e-06,8.878832e-10,1.033898e-06,3.167862e-09,8.832549e-06,2.522962e-05,1.180000e-02,2.144818e-07,1.008523e-08,3.291633e-06,9.179757e-08,5.045938e-03,2.390129e-08,4.233236e-08,1.693295e-09,7.620000e-06
-6.500000e+00,6.515970e-10,2.789520e-10,1.817642e-10,8.597315e-06,1.562685e-06,3.064015e-11,8.546808e-12,7.555426e-08,6.457477e-10,2.899284e-06,8.878832e-10,1.033898e-06,3.167862e-09,8.832549e-06,2.522962e-05,1.180000e-02,2.144818e-07,1.008523e-08,3.291633e-06,9.179757e-08,5.045938e-03,2.390129e-08,4.233237e-08,1.693295e-09,7.620000e-06
-6.000000e+00,6.515970e-10,2.789519e-10,1.817642e-10,8.597315e-06,1.562685e-06,3.064016e-11,8.546809e-12,7.555426e-08,6.457478e-10,2.899283e-06,8.878832e-10,1.033898e-06,3.167862e-09,8.832550e-06,2.522962e-05,1.180000e-02,2.144818e-07,1.008523e-08,3.291633e-06,9.179757e-08,5.045938e-03,2.390129e-08,4.233237e-08,1.693295e-09,7.620000e-06
-5.500000e+00,6.515970e-10,2.789519e-10,1.817642e-10,8.597315e-06,1.562685e-06,3.064016e-11,8.546810e-12,7.555426e-08,6.457478e-10,2.899283e-06,8.878832e-10,1.033898e-06,3.167863e-09,8.832551e-06,2.522962e-05,1.180000e-02,2.144818e-07,1.008523e-08,3.291633e-06,9.179757e-08,5.045938e-03,2.390129e-08,4.233237e-08,1.693295e-09,7.620000e-06
-5.000000e+00,6.515970e-10,2.789519e-10,1.817642e-10,8.597315e-06,1.562685e-06,3.064016e-11,8.546811e-12,7.555426e-08,6.457479e-10,2.899283e-06,8.878832e-10,1.033898e-06,3.167863e-09,8.832552e-06,2.522962e-05,1.180000e-02,2.144818e-07,1.008524e-08,3.291633e-06,9.179757e-08,5.045938e-03,2.390129e-08,4.233238e-08,1.693295e-09,7.620000e-06
-4.500000e+00,6.515970e-10,2.789519e-10,1.817642e-10,8.597315e-06,1.562685e-06,3.064016e-11,8.546811e-12,7.555426e-08,6.457480e-10,2.899283e-06,8.878832e-10,1.033898e-06,3.167863e-09,8.832553e-06,2.522962e-05,1.180000e-02,2.144818e-07,1.008524e-08,3.291633e-06,9.179757e-08,5.045938e-03,2.390129e-08,4.233238e-08,1.693295e-09,7.620000e-06
-4.000000e+00,6.515970e-10,2.789519e-10,1.817642e-10,8.597315e-06,1.562685e-06,3.064017e-11,8.546812e-12,7.555426e-08,6.457480e-10,2.899283e-06,8.878832e-10,1.033898e-06,3.167863e-09,8.832553e-06,2.522962e-05,1.180000e-02,2.144818e-07,1.008524e-08,3.291633e-06,9.179757e-08,5.045938e-03,2.390129e-08,4.233239e-08,1.693295e-09,7.620000e-06
-3.500000e+00,6.515970e-10,2.789519e-10,1.817642e-10,8.597315e-06,1.562685e-06,3.064017e-11,8.546812e-12,7.555426e-08,6.457480e-10,2.899282e-06,8.878832e-10,1.033898e-06,3.167864e-09,8.832554e-06,2.522962e-05,1.180000e-02,2.144818e-07,1.008524e-08,3.291633e-06,9.179757e-08,5.045938e-03,2.390129e-08,4.233239e-08,1.693295e-09,7.620000e-06
-3.000000e+00,6.515970e-10,2.789519e-10,1.817642e-10,8.597315e-06,1.562685e-06,3.064017e-11,8.546812e-12,7.555426e-08,6.457480e-10,2.899282e-06,8.878832e-10,1.033898e-06,3.167864e-09,8.832554e-06,2.522962e-05,1.180000e-02,2.144818e-07,1.008524e-08,3.291633e-06,9.179757e-08,5.045938e-03,2.390129e-08,4.233239e-08,1.693296e-09,7.620000e-06
-2.500000e+00,6.515970e-10,2.789519e-10,1.817642e-10,8.597315e-06,1.562685e-06,3.064017e-11,8.546812e-12,7.555426e-08,6.457480e-10,2.899282e-06,8.878832e-10,1.033898e-06,3.167864e-09,8.832554e-06,2.522962e-05,1.180000e-02,2.144818e-07,1.008524e-08,3.291633e-06,9.179757e-08,5.045938e-03,2.390129e-08,4.233239e-08,1.693296e-09,7.620000e-06
-2.000000e+00,6.515970e-10,2.789519e-10,1.817642e-10,8.597315e-06,1.562685e-06,3.064017e-11,8.546812e-12,7.555426e-08,6.457480e-10,2.899282e-06,8.878832e-10,1.033898e-06,3.167864e-09,8.832554e-06,2.522962e-05,1.180000e-02,2.144818e-07,1.008524e-08,3.291633e-06,9.179757e-08,5.045938e-03,2.390129e-08,4.233239e-08,1.693296e-09,7.620000e-06
-1.500000e+00,6.515970e-10,2.789519e-10,1.817642e-10,8.597315e-06,1.562685e-06,3.064017e-11,8.546812e-12,7.555426e-08,6.457480e-10,2.899282e-06,8.878832e-10,1.033898e-06,3.167864e-09,8.832554e-06,2.522962e-05,1.180000e-02,2.144818e-07,1.008524e-08,3.291633e-06,9.179757e-08,5.045938e-03,2.390129e-08,4.233240e-08,1.693296e-09,7.620000e-06
-1.000000e+00,6.515970e-10,2.789519e-10,1.817642e-10,8.597315e-06,1.562685e-06,3.064017e-11,8.546812e-12,7.555426e-08,6.457480e-10,2.899282e-06,8.878832e-10,1.033898e-06,3.167864e-09,8.832554e-06,2.522962e-05,1.180000e-02,2.144818e-07,1.008524e-08,3.291633e-06,9.179757e-08,5.045938e-03,2.390129e-08,4.233240e-08,1.693296e-09,7.620000e-06
-5.000000e-01,6.515970e-10,2.789519e-10,1.817642e-10,8.597315e-06,1.562685e-06,3.064017e-11,8.546812e-12,7.555426e-08,6.457480e-10,2.899282e-06,8.878832e-10,1.033898e-06,3.167864e-09,8.832554e-06,2.522962e-05,1.180000e-02,2.144818e-07,1.008524e-08,3.291633e-06,9.179757e-08,5.045938e-03,2.390129e-08,4.233240e-08,1.693296e-09,7.620000e-06
0.000000e+00,6.515970e-10,2.789519e-10,1.817642e-10,8.597315e-06,1.562685e-06,3.064017e-11,8.546812e-12,7.555426e-08,6.457480e-10,2.899282e-06,8.878832e-10,1.033898e-06,3.167864e-09,8.832554e-06,2.522962e-05,1.180000e-02,2.144818e-07,1.008524e-08,3.291633e-06,9.179757e-08,5.045938e-03,2.390129e-08,4.233239e-08,1.693296e-09,7.620000e-06
5.000000e-01,7.763120e-10,2.341189e-10,1.817495e-10,8.597423e-06,1.562577e-06,1.871606e-09,4.375444e-10,5.300707e-08,2.319294e-08,1.351122e-08,2.527196e-10,9.531301e-07,1.783873e-07,2.167463e-03,2.885228e-05,1.180002e-02,2.144648e-07,5.163027e-07,2.762609e-06,2.408731e-08,2.883685e-03,2.390113e-08,1.965091e-07,7.860363e-09,7.620000e-06
1.000000e+00,8.354260e-10,2.175446e-10,1.817424e-10,8.597474e-06,1.562526e-06,2.753008e-09,5.986858e-10,4.766415e-08,2.853585e-08,1.651513e-08,4.544015e-10,9.496008e-07,2.614244e-07,1.923308e-03,3.129427e-05,1.180003e-02,2.144566e-07,7.064507e-07,2.567032e-06,4.314974e-08,3.125398e-03,2.390081e-08,3.835422e-07,1.534169e-08,7.620000e-06
1.500000e+00,8.425925e-10,2.156934e-10,1.817416e-10,8.597480e-06,1.562520e-06,2.859030e-09,6.167387e-10,4.713192e-08,2.906808e-08,2.382310e-08,6.806756e-10,1.049158e-06,2.999557e-07,1.508976e-03,3.541725e-05,1.180003e-02,2.144556e-07,7.277535e-07,2.545188e-06,7.141317e-08,3.535607e-03,2.390049e-08,5.419818e-07,2.167927e-08,7.620000e-06
2.000000e+00,8.117278e-10,2.238994e-10,1.817453e-10,8.597454e-06,1.562546e-06,2.396231e-09,5.367920e-10,4.958380e-08,2.661620e-08,4.293328e-08,1.027990e-09,1.221304e-06,2.926512e-07,9.649909e-04,4.081808e-05,1.180003e-02,2.144599e-07,6.334163e-07,2.642018e-06,1.255480e-07,4.074191e-03,2.390027e-08,6.601931e-07,2.640773e-08,7.620000e-06
2.500000e+00,7.472465e-10,2.432304e-10,1.817529e-10,8.597398e-06,1.562602e-06,1.433622e-09,3.494062e-10,5.646927e-08,1.973074e-08,1.359636e-07,1.947254e-09,1.414629e-06,2.028036e-07,3.501869e-04,4.690900e-05,1.180002e-02,2.144688e-07,4.123007e-07,2.870123e-06,2.754622e-07,4.682904e-03,2.390020e-08,7.291097e-07,2.916439e-08,7.620000e-06
3.000000e+00,6.559933e-10,2.770817e-10,1.817637e-10,8.597319e-06,1.562681e-06,9.375666e-11,2.614093e-11,7.425880e-08,1.941204e-09,3.122642e-06,2.925619e-09,1.651330e-06,1.548231e-08,1.629761e-05,5.013950e-05,1.180000e-02,2.144812e-07,3.084646e-08,3.269565e-06,4.831143e-07,5.013563e-03,2.390036e-08,6.739697e-07,2.695879e-08,7.620000e-06
3.500000e+00,6.511368e-10,2.791492e-10,1.817643e-10,8.597315e-06,1.562685e-06,2.393438e-11,6.693127e-12,7.569338e-08,5.066261e-10,8.319252e-06,1.989255e-09,1.962789e-06,4.697796e-09,6.129184e-06,5.023667e-05,1.180000e-02,2.144819e-07,7.897900e-09,3.293960e-06,3.904468e-07,5.023634e-03,2.390056e-08,5.379041e-07,2.151616e-08,7.620000e-06
4.000000e+00,6.504908e-10,2.794265e-10,1.817644e-10,8.597314e-06,1.562686e-06,1.461730e-11,4.087815e-12,7.588978e-08,3.102236e-10,1.218811e-05,1.779671e-09,2.130684e-06,3.114471e-09,4.185183e-06,5.025563e-05,1.180000e-02,2.144820e-07,4.823624e-09,3.297233e-06,3.791897e-07,5.025559e-03,2.390073e-08,4.245330e-07,1.698132e-08,7.620000e-06
4.500000e+00,6.502574e-10,2.795269e-10,1.817644e-10,8.597314e-06,1.562686e-06,1.124711e-11,3.145331e-12,7.596108e-08,2.389228e-10,1.499461e-05,1.684559e-09,2.244832e-06,2.524775e-09,3.402373e-06,5.026331e-05,1.180000e-02,2.144820e-07,3.711491e-09,3.298417e-06,3.781532e-07,5.026334e-03,2.390085e-08,3.345571e-07,1.338228e-08,7.620000e-06
5.000000e+00,6.501433e-10,2.795759e-10,1.817644e-10,8.597314e-06,1.562686e-06,9.599286e-12,2.684461e-12,7.599600e-08,2.040083e-10,1.696783e-05,1.626888e-09,2.324235e-06,2.231088e-09,3.006937e-06,5.026719e-05,1.180000e-02,2.144820e-07,3.167664e-09,3.298996e-06,3.781251e-07,5.026726e-03,2.390095e-08,2.637629e-07,1.055051e-08,7.620000e-06
5.500000e+00,6.500816e-10,2.796025e-10,1.817644e-10,8.597314e-06,1.562686e-06,8.708023e-12,2.435151e-12,7.601490e-08,1.851078e-10,1.828961e-05,1.590763e-09,2.377306e-06,2.070154e-09,2.789744e-06,5.026933e-05,1.180000e-02,2.144820e-07,2.873479e-09,3.299309e-06,3.781712e-07,5.026941e-03,2.390103e-08,2.082540e-07,8.330159e-09,7.620000e-06
6.000000e+00,6.500481e-10,2.796169e-10,1.817644e-10,8.597314e-06,1.562686e-06,8.224423e-12,2.299842e-12,7.602516e-08,1.748458e-10,1.910414e-05,1.569306e-09,2.409994e-06,1.982072e-09,2.670860e-06,5.027049e-05,1.180000e-02,2.144820e-07,2.713813e-09,3.299479e-06,3.781999e-07,5.027059e-03,2.390109e-08,1.648189e-07,6.592755e-09,7.620000e-06
6.500000e+00,6.500320e-10,2.796238e-10,1.817644e-10,8.597314e-06,1.562686e-06,7.991225e-12,2.234550e-12,7.603011e-08,1.698931e-10,1.952520e-05,1.558402e-09,2.426895e-06,1.939378e-09,2.613294e-06,5.027106e-05,1.180000e-02,2.144820e-07,2.636769e-09,3.299561e-06,3.782059e-07,5.027116e-03,2.390114e-08,1.308848e-07,5.235392e-09,7.620000e-06
7.000000e+00,6.500276e-10,2.796257e-10,1.817644e-10,8.597314e-06,1.562686e-06,7.927972e-12,2.216778e-12,7.603146e-08,1.685449e-10,1.964221e-05,1.555326e-09,2.431606e-06,1.927761e-09,2.597736e-06,5.027121e-05,1.180000e-02,2.144820e-07,2.615798e-09,3.299583e-06,3.781922e-07,5.027131e-03,2.390118e-08,1.044135e-07,4.176541e-09,7.620000e-06
7.500000e+00,6.500318e-10,2.796239e-10,1.817644e-10,8.597314e-06,1.562686e-06,7.990075e-12,2.234051e-12,7.603015e-08,1.698552e-10,1.952536e-05,1.558189e-09,2.426944e-06,1.939137e-09,2.613274e-06,5.027105e-05,1.180000e-02,2.144820e-07,2.636180e-09,3.299562e-06,3.781618e-07,5.027116e-03,2.390121e-08,8.379924e-08,3.351970e-09,7.620000e-06
8.000000e+00,6.500430e-10,2.796191e-10,1.817644e-10,8.597314e-06,1.562686e-06,8.151639e-12,2.279124e-12,7.602673e-08,1.732743e-10,1.922970e-05,1.565634e-09,2.415115e-06,1.968705e-09,2.653432e-06,5.027065e-05,1.180000e-02,2.144820e-07,2.689366e-09,3.299505e-06,3.781168e-07,5.027076e-03,2.390123e-08,6.778023e-08,2.711209e-09,7.620000e-06
8.500000e+00,6.500600e-10,2.796118e-10,1.817644e-10,8.597314e-06,1.562686e-06,8.397378e-12,2.347718e-12,7.602153e-08,1.784771e-10,1.879834e-05,1.576666e-09,2.397848e-06,2.013553e-09,2.714287e-06,5.027004e-05,1.180000e-02,2.144820e-07,2.770306e-09,3.299419e-06,3.780587e-07,5.027016e-03,2.390125e-08,5.536835e-08,2.214734e-09,7.620000e-06
9.000000e+00,6.500821e-10,2.796022e-10,1.817644e-10,8.597314e-06,1.562686e-06,8.718481e-12,2.437364e-12,7.601473e-08,1.852756e-10,1.826508e-05,1.590536e-09,2.376496e-06,2.071933e-09,2.793490e-06,5.026926e-05,1.180000e-02,2.144820e-07,2.876090e-09,3.299306e-06,3.779883e-07,5.026937e-03,2.390126e-08,4.579030e-08,1.831612e-09,7.620000e-06
9.500000e+00,6.501092e-10,2.795906e-10,1.817644e-10,8.597314e-06,1.562686e-06,9.110407e-12,2.546789e-12,7.600643e-08,1.935723e-10,1.765640e-05,1.606669e-09,2.352120e-06,2.142866e-09,2.889735e-06,5.026830e-05,1.180000e-02,2.144820e-07,3.005210e-09,3.299169e-06,3.779059e-07,5.026842e-03,2.390127e-08,3.844169e-08,1.537668e-09,7.620000e-06
1.000000e+01,6.501411e-10,2.795769e-10,1.817644e-10,8.597314e-06,1.562686e-06,9.571626e-12,2.675557e-12,7.599667e-08,2.033334e-10,1.699313e-05,1.624618e-09,2.325552e-06,2.225920e-09,3.002460e-06,5.026718e-05,1.180000e-02,2.144820e-07,3.157156e-09,3.299007e-06,3.778116e-07,5.026731e-03,2.390128e-08,3.285087e-08,1.314035e-09,7.620000e-06
1.050000e+01,6.501778e-10,2.795611e-10,1.817644e-10,8.597314e-06,1.562686e-06,1.010291e-11,2.823877e-12,7.598543e-08,2.145735e-10,1.629162e-05,1.644028e-09,2.297448e-06,2.321080e-09,3.131666e-06,5.026590e-05,1.180000e-02,2.144820e-07,3.332174e-09,3.298821e-06,3.777050e-07,5.026603e-03,2.390129e-08,2.865036e-08,1.146014e-09,7.620000e-06
1.100000e+01,6.502195e-10,2.795431e-10,1.817644e-10,8.597314e-06,1.562686e-06,1.070694e-11,2.992488e-12,7.597266e-08,2.273472e-10,1.556476e-05,1.664610e-09,2.268324e-06,2.428668e-09,3.277817e-06,5.026445e-05,1.180000e-02,2.144820e-07,3.531135e-09,3.298609e-06,3.775854e-07,5.026458e-03,2.390129e-08,2.555446e-08,1.022178e-09,7.620000e-06
1.150000e+01,6.502666e-10,2.795229e-10,1.817644e-10,8.597314e-06,1.562686e-06,1.138806e-11,3.182597e-12,7.595826e-08,2.417445e-10,1.482276e-05,1.686126e-09,2.238587e-06,2.549303e-09,3.441786e-06,5.026283e-05,1.180000e-02,2.144820e-07,3.755463e-09,3.298370e-06,3.774522e-07,5.026296e-03,2.390129e-08,2.334171e-08,9.336685e-10,7.620000e-06
1.200000e+01,6.503194e-10,2.795002e-10,1.817644e-10,8.597314e-06,1.562686e-06,1.215224e-11,3.395860e-12,7.594212e-08,2.578887e-10,1.407374e-05,1.708378e-09,2.208562e-06,2.683885e-09,3.624831e-06,5.026101e-05,1.180000e-02,2.144820e-07,4.007114e-09,3.298102e-06,3.773040e-07,5.026114e-03,2.390130e-08,2.184115e-08,8.736458e-10,7.620000e-06
1.250000e+01,6.503785e-10,2.794748e-10,1.817644e-10,8.597314e-06,1.562686e-06,1.300710e-11,3.634387e-12,7.592407e-08,2.759374e-10,1.332421e-05,1.731190e-09,2.178509e-06,2.833592e-09,3.828598e-06,5.025899e-05,1.180000e-02,2.144820e-07,4.288576e-09,3.297802e-06,3.771394e-07,5.025913e-03,2.390130e-08,2.092159e-08,8.368637e-10,7.620000e-06
1.300000e+01,6.504444e-10,2.794464e-10,1.817644e-10,8.597314e-06,1.562686e-06,1.396172e-11,3.900698e-12,7.590393e-08,2.960783e-10,1.257945e-05,1.754407e-09,2.148639e-06,2.999852e-09,4.055082e-06,5.025674e-05,1.180000e-02,2.144820e-07,4.602823e-09,3.297468e-06,3.769569e-07,5.025688e-03,2.390130e-08,2.048337e-08,8.193349e-10,7.620000e-06
1.350000e+01,6.505181e-10,2.794148e-10,1.817644e-10,8.597314e-06,1.562686e-06,1.502709e-11,4.197844e-12,7.588147e-08,3.185385e-10,1.184382e-05,1.777886e-09,2.119125e-06,3.184411e-09,4.306724e-06,5.025425e-05,1.180000e-02,2.144820e-07,4.953455e-09,3.297095e-06,3.767544e-07,5.025439e-03,2.390130e-08,2.045177e-08,8.180707e-10,7.620000e-06
1.400000e+01,6.506002e-10,2.793795e-10,1.817644e-10,8.597315e-06,1.562685e-06,1.621609e-11,4.529393e-12,7.585642e-08,3.435835e-10,1.112095e-05,1.801490e-09,2.090111e-06,3.389326e-09,4.586411e-06,5.025147e-05,1.180000e-02,2.144819e-07,5.344682e-09,3.296678e-06,3.765295e-07,5.025162e-03,2.390130e-08,2.077210e-08,8.308839e-10,7.620000e-06
1.450000e+01,6.506919e-10,2.793401e-10,1.817644e-10,8.597315e-06,1.562685e-06,1.754347e-11,4.899430e-12,7.582849e-08,3.715163e-10,1.041399e-05,1.825083e-09,2.061722e-06,3.616959e-09,4.897463e-06,5.024839e-05,1.180000e-02,2.144819e-07,5.781325e-09,3.296213e-06,3.762795e-07,5.024854e-03,2.390130e-08,2.140573e-08,8.562292e-10,7.620000e-06
1.500000e+01,6.507943e-10,2.792961e-10,1.817643e-10,8.597315e-06,1.562685e-06,1.902606e-11,5.312608e-12,7.579732e-08,4.026814e-10,9.725713e-06,1.848529e-09,2.034069e-06,3.870012e-09,5.243693e-06,5.024496e-05,1.180000e-02,2.144819e-07,6.268876e-09,3.295694e-06,3.760016e-07,5.024511e-03,2.390130e-08,2.232702e-08,8.930807e-10,7.620000e-06
1.550000e+01,6.509088e-10,2.792470e-10,1.817643e-10,8.597315e-06,1.562685e-06,2.068263e-11,5.774121e-12,7.576254e-08,4.374620e-10,9.058675e-06,1.871685e-09,2.007251e-06,4.151502e-09,5.629378e-06,5.024113e-05,1.180000e-02,2.144819e-07,6.813461e-09,3.295115e-06,3.756922e-07,5.024130e-03,2.390130e-08,2.352119e-08,9.408475e-10,7.620000e-06
1.600000e+01,6.510366e-10,2.791921e-10,1.817643e-10,8.597315e-06,1.562685e-06,2.253391e-11,6.289685e-12,7.572373e-08,4.762783e-10,8.415286e-06,1.894402e-09,1.981363e-06,4.464761e-09,6.059270e-06,5.023687e-05,1.180000e-02,2.144819e-07,7.421827e-09,3.294467e-06,3.753479e-07,5.023704e-03,2.390130e-08,2.498226e-08,9.992903e-10,7.620000e-06
1.650000e+01,6.511795e-10,2.791309e-10,1.817643e-10,8.597315e-06,1.562685e-06,2.460161e-11,6.865282e-12,7.568044e-08,5.195674e-10,7.797902e-06,1.916521e-09,1.956497e-06,4.813272e-09,6.538386e-06,5.023212e-05,1.180000e-02,2.144819e-07,8.101031e-09,3.293744e-06,3.749650e-07,5.023230e-03,2.390130e-08,2.671140e-08,1.068456e-09,7.620000e-06
1.700000e+01,6.513388e-10,2.790626e-10,1.817643e-10,8.597315e-06,1.562685e-06,2.690774e-11,7.506962e-12,7.563224e-08,5.677682e-10,7.208891e-06,1.937873e-09,1.932747e-06,5.200562e-09,7.071830e-06,5.022683e-05,1.180000e-02,2.144818e-07,8.858213e-09,3.292938e-06,3.745399e-07,5.022701e-03,2.390130e-08,2.871552e-08,1.148621e-09,7.620000e-06
1.750000e+01,6.515159e-10,2.789867e-10,1.817643e-10,8.597315e-06,1.562685e-06,2.947296e-11,8.220368e-12,7.557872e-08,6.212848e-10,6.650670e-06,1.958278e-09,1.910206e-06,5.629918e-09,7.664470e-06,5.022095e-05,1.180000e-02,2.144818e-07,9.700031e-09,3.292043e-06,3.740695e-07,5.022115e-03,2.390130e-08,3.100554e-08,1.240222e-09,7.620000e-06
1.800000e+01,6.517121e-10,2.789027e-10,1.817642e-10,8.597316e-06,1.562684e-06,3.231340e-11,9.009874e-12,7.551958e-08,6.804218e-10,6.125733e-06,1.977551e-09,1.888972e-06,6.103878e-09,8.320215e-06,5.021445e-05,1.180000e-02,2.144818e-07,1.063165e-08,3.291051e-06,3.735520e-07,5.021465e-03,2.390130e-08,3.359448e-08,1.343779e-09,7.620000e-06
1.850000e+01,6.519277e-10,2.788104e-10,1.817642e-10,8.597316e-06,1.562684e-06,3.543568e-11,9.877189e-12,7.545472e-08,7.452804e-10,5.636643e-06,1.995508e-09,1.869146e-06,6.623411e-09,9.040915e-06,5.020730e-05,1.180000e-02,2.144818e-07,1.165508e-08,3.289962e-06,3.729877e-07,5.020752e-03,2.390130e-08,3.649478e-08,1.459791e-09,7.620000e-06
1.900000e+01,6.521622e-10,2.787101e-10,1.817642e-10,8.597316e-06,1.562684e-06,3.883239e-11,1.082011e-11,7.538434e-08,8.156669e-10,5.185995e-06,2.011974e-09,1.850829e-06,7.187174e-09,9.825024e-06,5.019953e-05,1.180000e-02,2.144817e-07,1.276773e-08,3.288779e-06,3.723801e-07,5.019976e-03,2.390129e-08,3.971478e-08,1.588591e-09,7.620000e-06
1.950000e+01,6.524136e-10,2.786026e-10,1.817642e-10,8.597316e-06,1.562684e-06,4.247333e-11,1.183013e-11,7.530909e-08,8.909159e-10,4.776331e-06,2.026796e-09,1.834124e-06,7.790092e-09,1.066595e-05,5.019119e-05,1.180000e-02,2.144817e-07,1.395955e-08,3.287511e-06,3.717376e-07,5.019143e-03,2.390129e-08,4.325415e-08,1.730166e-09,7.620000e-06
2.000000e+01,6.526777e-10,2.784899e-10,1.817641e-10,8.597316e-06,1.562684e-06,4.629768e-11,1.289024e-11,7.523027e-08,9.697362e-10,4.410010e-06,2.039862e-09,1.819125e-06,8.422082e-09,1.154993e-05,5.018244e-05,1.180000e-02,2.144817e-07,1.521048e-08,3.286180e-06,3.710746e-07,5.018268e-03,2.390129e-08,4.709810e-08,1.883924e-09,7.620000e-06
2.050000e+01,6.529476e-10,2.783747e-10,1.817641e-10,8.597317e-06,1.562683e-06,5.020732e-11,1.397320e-11,7.514992e-08,1.050085e-09,4.089012e-06,2.051116e-09,1.805918e-06,9.066981e-09,1.245441e-05,5.017348e-05,1.180000e-02,2.144816e-07,1.648837e-08,3.284821e-06,3.704128e-07,5.017372e-03,2.390129e-08,5.121099e-08,2.048440e-09,7.620000e-06
2.100000e+01,6.532140e-10,2.782611e-10,1.817641e-10,8.597317e-06,1.562683e-06,5.406517e-11,1.504105e-11,7.507086e-08,1.129144e-09,3.814704e-06,2.060566e-09,1.794565e-06,9.702294e-09,1.334759e-05,5.016464e-05,1.180000e-02,2.144816e-07,1.774843e-08,3.283481e-06,3.697801e-07,5.016488e-03,2.390129e-08,5.553048e-08,2.221219e-09,7.620000e-06
2.150000e+01,6.534651e-10,2.781541e-10,1.817640e-10,8.597317e-06,1.562683e-06,5.770301e-11,1.604732e-11,7.499651e-08,1.203493e-09,3.587583e-06,2.068291e-09,1.785097e-06,1.030050e-08,1.419022e-05,5.015630e-05,1.180000e-02,2.144816e-07,1.893584e-08,3.282219e-06,3.692083e-07,5.015654e-03,2.390128e-08,5.996431e-08,2.398572e-09,7.620000e-06
2.200000e+01,6.536886e-10,2.780590e-10,1.817640e-10,8.597317e-06,1.562683e-06,6.094048e-11,1.694235e-11,7.493051e-08,1.269498e-09,3.407044e-06,2.074421e-09,1.777509e-06,1.083217e-08,1.493995e-05,5.014889e-05,1.180000e-02,2.144815e-07,1.999197e-08,3.281096e-06,3.687283e-07,5.014911e-03,2.390128e-08,6.439164e-08,2.575666e-09,7.620000e-06
2.250000e+01,6.538732e-10,2.779805e-10,1.817640e-10,8.597317e-06,1.562683e-06,6.361427e-11,1.768123e-11,7.487610e-08,1.323901e-09,3.271228e-06,2.079116e-09,1.771743e-06,1.127076e-08,1.555834e-05,5.014279e-05,1.180000e-02,2.144815e-07,2.086385e-08,3.280169e-06,3.683641e-07,5.014299e-03,2.390128e-08,6.867125e-08,2.746850e-09,7.620000e-06
2.300000e+01,6.540110e-10,2.779219e-10,1.817640e-10,8.597318e-06,1.562682e-06,6.560979e-11,1.823258e-11,7.483556e-08,1.364445e-09,3.176964e-06,2.082543e-09,1.767691e-06,1.159773e-08,1.601857e-05,5.013825e-05,1.180000e-02,2.144815e-07,2.151444e-08,3.279478e-06,3.681275e-07,5.013843e-03,2.390128e-08,7.265598e-08,2.906239e-09,7.620000e-06
2.350000e+01,6.540991e-10,2.778844e-10,1.817640e-10,8.597318e-06,1.562682e-06,6.688380e-11,1.858463e-11,7.480969e-08,1.390311e-09,3.119902e-06,2.084855e-09,1.765193e-06,1.180622e-08,1.631060e-05,5.013538e-05,1.180000e-02,2.144815e-07,2.192987e-08,3.279036e-06,3.680154e-07,5.013554e-03,2.390128e-08,7.621154e-08,3.048462e-09,7.620000e-06
2.400000e+01,6.541396e-10,2.778672e-10,1.817639e-10,8.597318e-06,1.562682e-06,6.747033e-11,1.874690e-11,7.479778e-08,1.402226e-09,3.094754e-06,2.086193e-09,1.764044e-06,1.190200e-08,1.644271e-05,5.013409e-05,1.180000e-02,2.144815e-07,2.212134e-08,3.278833e-06,3.680118e-07,5.013423e-03,2.390127e-08,7.923436e-08,3.169374e-09,7.620000e-06
2.450000e+01,6.541395e-10,2.778673e-10,1.817639e-10,8.597318e-06,1.562682e-06,6.746712e-11,1.874637e-11,7.479782e-08,1.402188e-09,3.095647e-06,2.086692e-09,1.764006e-06,1.190118e-08,1.643798e-05,5.013415e-05,1.180000e-02,2.144815e-07,2.212072e-08,3.278834e-06,3.680919e-07,5.013428e-03,2.390127e-08,8.166378e-08,3.266551e-09,7.620000e-06
2.500000e+01,6.541080e-10,2.778807e-10,1.817640e-10,8.597318e-06,1.562682e-06,6.700895e-11,1.862023e-11,7.480708e-08,1.392925e-09,3.116520e-06,2.086495e-09,1.764829e-06,1.182587e-08,1.632824e-05,5.013525e-05,1.180000e-02,2.144815e-07,2.197187e-08,3.278992e-06,3.682287e-07,5.013537e-03,2.390127e-08,8.348615e-08,3.339446e-09,7.620000e-06
2.550000e+01,6.540550e-10,2.779031e-10,1.817640e-10,8.597318e-06,1.562682e-06,6.624151e-11,1.840864e-11,7.482262e-08,1.377382e-09,3.151505e-06,2.085751e-09,1.766264e-06,1.169994e-08,1.614756e-05,5.013705e-05,1.180000e-02,2.144815e-07,2.172219e-08,3.279257e-06,3.683969e-07,5.013715e-03,2.390127e-08,8.472994e-08,3.389198e-09,7.620000e-06
2.600000e+01,6.539900e-10,2.779308e-10,1.817640e-10,8.597317e-06,1.562683e-06,6.529915e-11,1.814865e-11,7.484173e-08,1.358276e-09,3.195251e-06,2.084617e-09,1.768084e-06,1.154538e-08,1.592718e-05,5.013924e-05,1.180000e-02,2.144815e-07,2.141540e-08,3.279583e-06,3.685760e-07,5.013934e-03,2.390127e-08,8.545670e-08,3.418268e-09,7.620000e-06
2.650000e+01,6.539206e-10,2.779603e-10,1.817640e-10,8.597317e-06,1.562683e-06,6.429234e-11,1.787075e-11,7.486216e-08,1.337843e-09,3.243152e-06,2.083243e-09,1.770090e-06,1.138027e-08,1.569266e-05,5.014156e-05,1.180000e-02,2.144815e-07,2.108748e-08,3.279932e-06,3.687510e-07,5.014166e-03,2.390127e-08,8.574824e-08,3.429930e-09,7.620000e-06
2.700000e+01,6.538524e-10,2.779893e-10,1.817640e-10,8.597317e-06,1.562683e-06,6.330365e-11,1.759774e-11,7.488225e-08,1.317758e-09,3.291470e-06,2.081764e-09,1.772121e-06,1.121812e-08,1.546300e-05,5.014383e-05,1.180000e-02,2.144815e-07,2.076533e-08,3.280274e-06,3.689120e-07,5.014393e-03,2.390127e-08,8.569492e-08,3.427797e-09,7.620000e-06
2.750000e+01,6.537892e-10,2.780162e-10,1.817640e-10,8.597317e-06,1.562683e-06,6.238915e-11,1.734514e-11,7.490084e-08,1.299165e-09,3.337357e-06,2.080291e-09,1.774055e-06,1.106812e-08,1.525103e-05,5.014593e-05,1.180000e-02,2.144815e-07,2.046726e-08,3.280591e-06,3.690533e-07,5.014603e-03,2.390127e-08,8.538647e-08,3.415459e-09,7.620000e-06
2.800000e+01,6.537336e-10,2.780399e-10,1.817640e-10,8.597317e-06,1.562683e-06,6.158276e-11,1.712233e-11,7.491725e-08,1.282758e-09,3.378816e-06,2.078911e-09,1.775805e-06,1.093584e-08,1.506445e-05,5.014777e-05,1.180000e-02,2.144815e-07,2.020435e-08,3.280870e-06,3.691722e-07,5.014788e-03,2.390127e-08,8.490499e-08,3.396199e-09,7.620000e-06
2.850000e+01,6.536865e-10,2.780599e-10,1.817640e-10,8.597317e-06,1.562683e-06,6.090134e-11,1.693401e-11,7.493112e-08,1.268884e-09,3.414601e-06,2.077680e-09,1.777318e-06,1.082405e-08,1.490703e-05,5.014933e-05,1.180000e-02,2.144815e-07,1.998213e-08,3.281107e-06,3.692681e-07,5.014944e-03,2.390127e-08,8.432152e-08,3.372861e-09,7.620000e-06
2.900000e+01,6.536484e-10,2.780761e-10,1.817640e-10,8.597317e-06,1.562683e-06,6.034946e-11,1.678145e-11,7.494236e-08,1.257641e-09,3.444098e-06,2.076636e-09,1.778568e-06,1.073351e-08,1.477974e-05,5.015058e-05,1.180000e-02,2.144815e-07,1.980211e-08,3.281298e-06,3.693420e-07,5.015070e-03,2.390127e-08,8.369443e-08,3.347777e-09,7.620000e-06
2.950000e+01,6.536190e-10,2.780886e-10,1.817640e-10,8.597317e-06,1.562683e-06,5.992309e-11,1.666356e-11,7.495105e-08,1.248951e-09,3.467197e-06,2.075793e-09,1.779549e-06,1.066356e-08,1.468156e-05,5.015155e-05,1.180000e-02,2.144815e-07,1.966300e-08,3.281446e-06,3.693957e-07,5.015167e-03,2.390127e-08,8.306923e-08,3.322769e-09,7.620000e-06
3.000000e+01,6.535975e-10,2.780978e-10,1.817640e-10,8.597317e-06,1.562683e-06,5.961280e-11,1.657774e-11,7.495738e-08,1.242624e-09,3.484168e-06,2.075150e-09,1.780273e-06,1.061265e-08,1.461027e-05,5.015225e-05,1.180000e-02,2.144815e-07,1.956173e-08,3.281554e-06,3.694314e-07,5.015238e-03,2.390127e-08,8.247945e-08,3.299178e-09,7.620000e-06
3.050000e+01,6.535832e-10,2.781039e-10,1.817640e-10,8.597317e-06,1.562683e-06,5.940576e-11,1.652045e-11,7.496160e-08,1.238400e-09,3.495549e-06,2.074695e-09,1.780761e-06,1.057869e-08,1.456285e-05,5.015272e-05,1.180000e-02,2.144815e-07,1.949413e-08,3.281625e-06,3.694517e-07,5.015285e-03,2.390127e-08,8.194807e-08,3.277923e-09,7.620000e-06
3.100000e+01,6.535750e-10,2.781073e-10,1.817640e-10,8.597317e-06,1.562683e-06,5.928725e-11,1.648765e-11,7.496402e-08,1.235981e-09,3.502046e-06,2.074409e-09,1.781044e-06,1.055927e-08,1.453587e-05,5.015299e-05,1.180000e-02,2.144815e-07,1.945543e-08,3.281667e-06,3.694594e-07,5.015311e-03,2.390127e-08,8.148918e-08,3.259567e-09,7.620000e-06
3.150000e+01,6.535719e-10,2.781087e-10,1.817640e-10,8.597317e-06,1.562683e-06,5.924229e-11,1.647518e-11,7.496494e-08,1.235061e-09,3.504464e-06,2.074266e-09,1.781154e-06,1.055191e-08,1.452587e-05,5.015308e-05,1.180000e-02,2.144815e-07,1.944071e-08,3.281682e-06,3.694569e-07,5.015321e-03,2.390127e-08,8.110951e-08,3.244380e-09,7.620000e-06
3.200000e+01,6.535729e-10,2.781083e-10,1.817640e-10,8.597317e-06,1.562683e-06,5.925605e-11,1.647895e-11,7.496467e-08,1.235339e-09,3.503608e-06,2.074241e-09,1.781126e-06,1.055419e-08,1.452940e-05,5.015305e-05,1.180000e-02,2.144815e-07,1.944516e-08,3.281678e-06,3.694467e-07,5.015318e-03,2.390127e-08,8.081000e-08,3.232400e-09,7.620000e-06
3.250000e+01,6.535769e-10,2.781066e-10,1.817640e-10,8.597317e-06,1.562683e-06,5.931423e-11,1.649500e-11,7.496348e-08,1.236523e-09,3.500285e-06,2.074308e-09,1.780993e-06,1.056377e-08,1.454316e-05,5.015291e-05,1.180000e-02,2.144815e-07,1.946410e-08,3.281657e-06,3.694310e-07,5.015304e-03,2.390127e-08,8.058739e-08,3.223496e-09,7.620000e-06
3.300000e+01,6.535830e-10,2.781039e-10,1.817640e-10,8.597317e-06,1.562683e-06,5.940375e-11,1.651972e-11,7.496166e-08,1.238346e-09,3.495234e-06,2.074442e-09,1.780786e-06,1.057848e-08,1.456411e-05,5.015270e-05,1.180000e-02,2.144815e-07,1.949327e-08,3.281626e-06,3.694119e-07,5.015283e-03,2.390127e-08,8.043533e-08,3.217413e-09,7.620000e-06
3.350000e+01,6.535906e-10,2.781007e-10,1.817640e-10,8.597317e-06,1.562683e-06,5.951303e-11,1.654991e-11,7.495943e-08,1.240572e-09,3.489115e-06,2.074620e-09,1.780533e-06,1.059644e-08,1.458958e-05,5.015245e-05,1.180000e-02,2.144815e-07,1.952890e-08,3.281589e-06,3.693912e-07,5.015258e-03,2.390127e-08,8.034531e-08,3.213812e-09,7.620000e-06
3.400000e+01,6.535988e-10,2.780972e-10,1.817640e-10,8.597317e-06,1.562683e-06,5.963211e-11,1.658282e-11,7.495701e-08,1.242998e-09,3.482487e-06,2.074823e-09,1.780258e-06,1.061600e-08,1.461727e-05,5.015217e-05,1.180000e-02,2.144815e-07,1.956772e-08,3.281547e-06,3.693701e-07,5.015231e-03,2.390127e-08,8.030767e-08,3.212307e-09,7.620000e-06
3.450000e+01,6.536071e-10,2.780937e-10,1.817640e-10,8.597317e-06,1.562683e-06,5.975278e-11,1.661616e-11,7.495455e-08,1.245457e-09,3.475808e-06,2.075034e-09,1.779979e-06,1.063582e-08,1.464528e-05,5.015190e-05,1.180000e-02,2.144815e-07,1.960707e-08,3.281505e-06,3.693499e-07,5.015203e-03,2.390127e-08,8.031234e-08,3.212493e-09,7.620000e-06
3.500000e+01,6.536151e-10,2.780903e-10,1.817640e-10,8.597317e-06,1.562683e-06,5.986846e-11,1.664813e-11,7.495219e-08,1.247814e-09,3.469438e-06,2.075241e-09,1.779713e-06,1.065481e-08,1.467209e-05,5.015163e-05,1.180000e-02,2.144815e-07,1.964479e-08,3.281465e-06,3.693314e-07,5.015176e-03,2.390127e-08,8.034939e-08,3.213976e-09,7.620000e-06
3.550000e+01,6.536224e-10,2.780872e-10,1.817640e-10,8.597317e-06,1.562683e-06,5.997434e-11,1.667740e-11,7.495003e-08,1.249971e-09,3.463635e-06,2.075434e-09,1.779469e-06,1.067219e-08,1.469660e-05,5.015139e-05,1.180000e-02,2.144815e-07,1.967933e-08,3.281429e-06,3.693152e-07,5.015152e-03,2.390127e-08,8.040950e-08,3.216380e-09,7.620000e-06
3.600000e+01,6.536288e-10,2.780844e-10,1.817640e-10,8.597317e-06,1.562683e-06,6.006721e-11,1.670307e-11,7.494814e-08,1.251864e-09,3.458567e-06,2.075607e-09,1.779256e-06,1.068744e-08,1.471808e-05,5.015118e-05,1.180000e-02,2.144815e-07,1.970962e-08,3.281396e-06,3.693016e-07,5.015131e-03,2.390127e-08,8.048428e-08,3.219371e-09,7.620000e-06
3.650000e+01,6.536342e-10,2.780821e-10,1.817640e-10,8.597317e-06,1.562683e-06,6.014524e-11,1.672464e-11,7.494655e-08,1.253454e-09,3.454325e-06,2.075754e-09,1.779076e-06,1.070024e-08,1.473610e-05,5.015100e-05,1.180000e-02,2.144815e-07,1.973507e-08,3.281369e-06,3.692907e-07,5.015113e-03,2.390127e-08,8.056651e-08,3.222661e-09,7.620000e-06
3.700000e+01,6.536385e-10,2.780803e-10,1.817640e-10,8.597317e-06,1.562683e-06,6.020777e-11,1.674193e-11,7.494528e-08,1.254728e-09,3.450938e-06,2.075875e-09,1.778933e-06,1.071050e-08,1.475052e-05,5.015086e-05,1.180000e-02,2.144815e-07,1.975547e-08,3.281348e-06,3.692824e-07,5.015099e-03,2.390127e-08,8.065026e-08,3.226011e-09,7.620000e-06
3.750000e+01,6.536418e-10,2.780789e-10,1.817640e-10,8.597317e-06,1.562683e-06,6.025507e-11,1.675500e-11,7.494431e-08,1.255692e-09,3.448386e-06,2.075970e-09,1.778824e-06,1.071826e-08,1.476140e-05,5.015075e-05,1.180000e-02,2.144815e-07,1.977091e-08,3.281331e-06,3.692767e-07,5.015088e-03,2.390127e-08,8.073084e-08,3.229234e-09,7.620000e-06
3.800000e+01,6.536441e-10,2.780779e-10,1.817640e-10,8.597317e-06,1.562683e-06,6.028811e-11,1.676415e-11,7.494364e-08,1.256366e-09,3.446610e-06,2.076038e-09,1.778748e-06,1.072368e-08,1.476899e-05,5.015067e-05,1.180000e-02,2.144815e-07,1.978169e-08,3.281320e-06,3.692731e-07,5.015080e-03,2.390127e-08,8.080479e-08,3.232192e-09,7.620000e-06
3.850000e+01,6.536455e-10,2.780773e-10,1.817640e-10,8.597317e-06,1.562683e-06,6.030846e-11,1.676977e-11,7.494322e-08,1.256781e-09,3.445522e-06,2.076084e-09,1.778701e-06,1.072702e-08,1.477363e-05,5.015063e-05,1.180000e-02,2.144815e-07,1.978833e-08,3.281313e-06,3.692715e-07,5.015076e-03,2.390127e-08,8.086977e-08,3.234791e-09,7.620000e-06
3.900000e+01,6.536462e-10,2.780771e-10,1.817640e-10,8.597317e-06,1.562683e-06,6.031800e-11,1.677242e-11,7.494303e-08,1.256976e-09,3.445020e-06,2.076110e-09,1.778679e-06,1.072858e-08,1.477578e-05,5.015061e-05,1.180000e-02,2.144815e-07,1.979145e-08,3.281309e-06,3.692714e-07,5.015074e-03,2.390127e-08,8.092448e-08,3.236979e-09,7.620000e-06
3.950000e+01,6.536462e-10,2.780770e-10,1.817640e-10,8.597317e-06,1.562683e-06,6.031875e-11,1.677263e-11,7.494301e-08,1.256991e-09,3.444992e-06,2.076118e-09,1.778677e-06,1.072870e-08,1.477591e-05,5.015061e-05,1.180000e-02,2.144815e-07,1.979170e-08,3.281309e-06,3.692724e-07,5.015074e-03,2.390127e-08,8.096844e-08,3.238737e-09,7.620000e-06
4.000000e+01,6.536458e-10,2.780772e-10,1.817640e-10,8.597317e-06,1.562683e-06,6.031271e-11,1.677097e-11,7.494314e-08,1.256869e-09,3.445330e-06,2.076114e-09,1.778690e-06,1.072771e-08,1.477446e-05,5.015062e-05,1.180000e-02,2.144815e-07,1.978974e-08,3.281311e-06,3.692744e-07,5.015075e-03,2.390127e-08,8.100186e-08,3.240074e-09,7.620000e-06
